{
  "rounds": [
    1,
    2,
    3,
    4,
    5,
    6,
    7,
    8,
    9,
    10,
    11,
    12,
    13,
    14,
    15,
    16,
    17,
    18,
    19,
    20,
    21,
    22,
    23,
    24,
    25,
    26,
    27,
    28,
    29,
    30,
    31,
    32,
    33,
    34,
    35,
    36,
    37,
    38,
    39,
    40,
    41,
    42,
    43,
    44,
    45,
    46,
    47,
    48,
    49,
    50
  ],
  "train_losses": [
    2.7233740478385435,
    1.8879817876827936,
    1.4007347294234118,
    1.1044304680901025,
    0.8979982842978058,
    0.7374063495999897,
    0.6419988239587979,
    0.5683985971691322,
    0.5137359004130848,
    0.4702378340263277,
    0.4306968118806621,
    0.404435973331111,
    0.3785733911568043,
    0.3522986984103573,
    0.33226903842954575,
    0.3107434078323507,
    0.30959932903235926,
    0.2883001679725823,
    0.2752374228017418,
    0.26852990350119255,
    0.2605727040392928,
    0.24805520686665244,
    0.22918677931436043,
    0.22183054787180767,
    0.2309063991941513,
    0.20954404577244193,
    0.2087394570388689,
    0.2020723523270634,
    0.20475112599188616,
    0.1899439380782431,
    0.18627849605396013,
    0.17462585428566263,
    0.1773034831850215,
    0.17163746019720477,
    0.16782174661310464,
    0.1666651325384807,
    0.1648875084402307,
    0.15609678275700647,
    0.15445354765642447,
    0.1453881812995837,
    0.1432543861007487,
    0.14257200734071965,
    0.1431960485421357,
    0.13814013680728063,
    0.13054425250979096,
    0.12981645725518248,
    0.1254068302749975,
    0.1301300630222978,
    0.12334716308606238,
    0.12055441199787564
  ],
  "test_accuracies": [
    0.18203470568220484,
    0.39060905069751617,
    0.477713507995917,
    0.5478053759782239,
    0.5913576046274243,
    0.6379720993535216,
    0.6577067029601905,
    0.6958149030282409,
    0.7063627084042191,
    0.7352841102415788,
    0.7482136781218102,
    0.7618237495746852,
    0.7788363388907792,
    0.7985709424974481,
    0.8016332085743451,
    0.8009527050017012,
    0.8217080639673359,
    0.8298741068390609,
    0.8428036747192923,
    0.8370193943518204,
    0.8496087104457298,
    0.8499489622320517,
    0.8710445729840082,
    0.8509697175910174,
    0.8679823069071113,
    0.8656005444028582,
    0.8737665872745832,
    0.8727458319156176,
    0.8931609390949302,
    0.8819326301463083,
    0.8832936372915958,
    0.8866961551548146,
    0.9006464783940116,
    0.8761483497788364,
    0.8941816944538958,
    0.8931609390949302,
    0.899285471248724,
    0.9047294998298742,
    0.9026879891119428,
    0.9101735284110242,
    0.8955427015991834,
    0.9020074855392991,
    0.9081320176930929,
    0.9094930248383803,
    0.9047294998298742,
    0.905069751616196,
    0.9125552909152773,
    0.905069751616196,
    0.9149370534195305,
    0.9149370534195305
  ],
  "test_losses": [
    3.3915418964456077,
    2.7454747535534234,
    2.14341378658148,
    1.7228067465159471,
    1.5259774874651177,
    1.2928687032285537,
    1.2029916256939972,
    1.0371664958001805,
    0.9615972348726214,
    0.8743364887401416,
    0.835590268649711,
    0.7577134403658383,
    0.6892409163820943,
    0.6340825711232783,
    0.634507847404188,
    0.6282105393436499,
    0.5341715112800053,
    0.5372467348672127,
    0.5164788334638986,
    0.5281386727194025,
    0.4724741770463478,
    0.4857097543210714,
    0.41277566047682573,
    0.46790459616709906,
    0.407171525732925,
    0.4190038897758765,
    0.4142858384011675,
    0.37671207388918104,
    0.3353161345375116,
    0.37343922977384236,
    0.3616054312596316,
    0.38183179787731203,
    0.314991775277765,
    0.3847595889142842,
    0.31894004267366943,
    0.3325931375916615,
    0.31320770840816814,
    0.29941597755322774,
    0.28941441564869824,
    0.2955201820740695,
    0.3291303467724185,
    0.29301593863627423,
    0.2875645425184603,
    0.28411954335612316,
    0.29619939352996333,
    0.29418654089356894,
    0.28210600860754054,
    0.30358986287812223,
    0.2736870580539488,
    0.27490285235669754
  ],
  "tail_accuracies": [
    0.0,
    0.0111731843575419,
    0.09776536312849161,
    0.16759776536312848,
    0.2206703910614525,
    0.25139664804469275,
    0.2877094972067039,
    0.3240223463687151,
    0.3743016759776536,
    0.4106145251396648,
    0.4134078212290503,
    0.4553072625698324,
    0.46368715083798884,
    0.4748603351955307,
    0.4888268156424581,
    0.5027932960893855,
    0.5614525139664804,
    0.5446927374301676,
    0.5670391061452514,
    0.6033519553072626,
    0.6340782122905028,
    0.61731843575419,
    0.6396648044692738,
    0.6145251396648045,
    0.6312849162011173,
    0.6368715083798883,
    0.6787709497206704,
    0.6815642458100558,
    0.6759776536312849,
    0.6899441340782123,
    0.6787709497206704,
    0.6787709497206704,
    0.729050279329609,
    0.6759776536312849,
    0.7150837988826816,
    0.6815642458100558,
    0.723463687150838,
    0.7262569832402235,
    0.7178770949720671,
    0.723463687150838,
    0.7402234636871509,
    0.7262569832402235,
    0.7569832402234636,
    0.7374301675977654,
    0.7541899441340782,
    0.7374301675977654,
    0.7793296089385475,
    0.7597765363128491,
    0.7597765363128491,
    0.7737430167597765
  ],
  "hierarchical_errors": [
    0.8051037770493495,
    0.3980945943873445,
    0.29778836792770313,
    0.28383804331449636,
    0.2480435548347046,
    0.1975501898692635,
    0.19441987305382719,
    0.17196325487772515,
    0.15168424824765442,
    0.13399115544510926,
    0.13650901820453587,
    0.12085743600330859,
    0.11221504039547808,
    0.09778836473959487,
    0.09227628570890378,
    0.09520245097291108,
    0.08574345117728294,
    0.08009527152636782,
    0.07383463851912324,
    0.07546784718371687,
    0.06702960278254538,
    0.07363048738851641,
    0.05838720724062678,
    0.06634909917948074,
    0.06090507046650688,
    0.06362708477229234,
    0.056413746855623184,
    0.058251106620402754,
    0.04845185492183936,
    0.054304185723641894,
    0.051173869268186,
    0.0515141210899989,
    0.046002042064377954,
    0.05246682620222936,
    0.04688669674227781,
    0.04947261033150646,
    0.04559373992484782,
    0.04402858167430421,
    0.04293977598748105,
    0.041306567317817275,
    0.04416468245677293,
    0.04348417880300682,
    0.03974140915853631,
    0.039197006302449364,
    0.04069411419978471,
    0.04123851703052092,
    0.03946920773049283,
    0.04103436598610659,
    0.036883294100703005,
    0.037019394847680694
  ],
  "hierarchical_ratios": [
    0.8389792445901301,
    0.9203810811225311,
    0.9404423264144594,
    0.9432323913371007,
    0.950391289033059,
    0.9604899620261473,
    0.9611160253892346,
    0.965607349024455,
    0.9696631503504691,
    0.9732017689109782,
    0.9726981963590928,
    0.9758285127993382,
    0.9775569919209044,
    0.980442327052081,
    0.9815447428582192,
    0.9809595098054178,
    0.9828513097645434,
    0.9839809456947264,
    0.9852330722961754,
    0.9849064305632567,
    0.9865940794434909,
    0.9852739025222967,
    0.9883225585518747,
    0.9867301801641039,
    0.9878189859066986,
    0.9872745830455415,
    0.9887172506288754,
    0.9883497786759194,
    0.9903096290156321,
    0.9891391628552716,
    0.9897652261463628,
    0.9896971757820002,
    0.9907995915871244,
    0.9895066347595541,
    0.9906226606515445,
    0.9901054779336987,
    0.9908812520150304,
    0.9911942836651392,
    0.9914120448025038,
    0.9917386865364366,
    0.9911670635086454,
    0.9913031642393987,
    0.9920517181682927,
    0.9921605987395101,
    0.9918611771600431,
    0.9917522965938959,
    0.9921061584539015,
    0.9917931268027786,
    0.9926233411798594,
    0.9925961210304639
  ],