{
  "experiment": "./experiments_alpha0.1/fedavg_foogd_no_taxonomy/experiment_20251218_235948",
  "config": {
    "data_root": "./Plankton_OOD_Dataset",
    "n_clients": 5,
    "alpha": 0.1,
    "communication_rounds": 50,
    "local_epochs": 1,
    "batch_size": 64,
    "client_fraction": 1.0,
    "model_type": "densenet121",
    "use_foogd": true,
    "image_size": 299,
    "algorithm": "fedavg",
    "use_taxonomy": false,
    "eval_frequency": 1,
    "save_frequency": 10,
    "device": "cuda",
    "output_dir": "./experiments_alpha0.1/fedavg_foogd_no_taxonomy",
    "seed": 2025,
    "resume": false,
    "compute_aug_features": true,
    "freeze_bn": true,
    "base_lr": 0.001
  },
  "head_g": {
    "accuracy": 0.921742089145968,
    "confidences_mean": 0.9334419965744019,
    "confidences_std": 0.13763390481472015
  },
  "head_p": null,
  "detailed_metrics": {
    "tail_accuracy": 0.776536312849162,
    "hierarchical_error": 0.033821028003525516,
    "hierarchical_ratio": 0.9932357943992949
  },
  "ood_detection": {
    "near_ood": {
      "auroc": 0.2416531703117299,
      "id_scores_mean": 10.027447700500488,
      "id_scores_std": 1.4241970777511597,
      "ood_scores_mean": 11.294368743896484,
      "ood_scores_std": 1.2286715507507324
    },
    "far_ood": {
      "auroc": 0.13007728296591994,
      "id_scores_mean": 10.027447700500488,
      "id_scores_std": 1.4241970777511597,
      "ood_scores_mean": 12.242988586425781,
      "ood_scores_std": 1.3780101537704468
    }
  }
}