{
  "rounds": [
    1,
    2,
    3,
    4,
    5,
    6,
    7,
    8,
    9,
    10,
    11,
    12,
    13,
    14,
    15,
    16,
    17,
    18,
    19,
    20,
    21,
    22,
    23,
    24,
    25,
    26,
    27,
    28,
    29,
    30,
    31,
    32,
    33,
    34,
    35,
    36,
    37,
    38,
    39,
    40,
    41,
    42,
    43,
    44,
    45,
    46,
    47,
    48,
    49,
    50
  ],
  "train_losses": [
    2.442023734585818,
    1.7784297003541305,
    1.2626717723538454,
    0.9997042521746723,
    0.830619964708003,
    0.6815792659513156,
    0.5966518778978325,
    0.5229340463597925,
    0.4669659508051767,
    0.4322242737955923,
    0.3961348297146035,
    0.3722468213293938,
    0.35492058613794913,
    0.31645558849529853,
    0.31214932122084244,
    0.29294815866767054,
    0.2862342298905968,
    0.266976745955982,
    0.24802281125927378,
    0.24042512353391388,
    0.2340090563818072,
    0.2281836210029889,
    0.2119603902989077,
    0.20353402536413392,
    0.20724964255717926,
    0.18896457773431363,
    0.19252809111503058,
    0.1792716465915302,
    0.18613323556918493,
    0.17224001496340152,
    0.1732702694236575,
    0.16210407216640926,
    0.16572242136497045,
    0.1574188306222582,
    0.14646187444923736,
    0.15177820120236335,
    0.15234207900722924,
    0.14192407071427354,
    0.1367598813233567,
    0.13199946380211142,
    0.126586285547772,
    0.1287487306265589,
    0.12888450924620148,
    0.12468585472718594,
    0.11445228971091939,
    0.1151668075076808,
    0.10642909886133663,
    0.11708561228546117,
    0.10941296632226705,
    0.10904275995181803
  ],
  "test_accuracies": [
    0.14222524668254508,
    0.368832936372916,
    0.4824770330044233,
    0.5423613473970739,
    0.5814903028240899,
    0.6274242939775434,
    0.6481796529431779,
    0.6740387887036406,
    0.706702960190541,
    0.7250765566519224,
    0.7407281388227288,
    0.7505954406260633,
    0.7754338210275604,
    0.7587614834977884,
    0.7927866621299762,
    0.7870023817625043,
    0.8397414086423953,
    0.8196665532494045,
    0.8363388907791766,
    0.8390609050697516,
    0.8523307247363049,
    0.8475671997277986,
    0.8621980265396393,
    0.8394011568560735,
    0.8754678462061926,
    0.8615175229669956,
    0.8849948962232052,
    0.8761483497788364,
    0.882613133718952,
    0.8778496087104457,
    0.8931609390949302,
    0.8846546444368832,
    0.9013269819666553,
    0.8822728819326301,
    0.9009867301803335,
    0.8928206873086084,
    0.8969037087444709,
    0.907791765906771,
    0.9071112623341272,
    0.9115345355563117,
    0.893841442667574,
    0.9125552909152773,
    0.9105137801973461,
    0.9128955427015992,
    0.9074515141204491,
    0.9142565498468866,
    0.9067710105478054,
    0.9200408302143587,
    0.921742089145968,
    0.9169785641374617
  ],
  "test_losses": [
    3.4215168379406897,
    2.8185054202110598,
    2.13576036669357,
    1.7878146158184638,
    1.5480263362574957,
    1.3181673403944683,
    1.2510575398412356,
    1.0838604908729337,
    0.9627050489095978,
    0.8793986145230774,
    0.8480851993993984,
    0.7968156318674285,
    0.6976521181468048,
    0.742076131996552,
    0.6643185819156643,
    0.6391196221711483,
    0.5123148813220099,
    0.562762325172645,
    0.5141477849196316,
    0.5090836517946296,
    0.4625734670018614,
    0.4892812029627482,
    0.4369033028901779,
    0.49646810044963247,
    0.39562745840016494,
    0.44204956362060077,
    0.3755500441852497,
    0.3801005336045002,
    0.3698166779674369,
    0.3785421397662479,
    0.32677032299372727,
    0.3781204178660611,
    0.3127696565845135,
    0.35782885914475143,
    0.3035328884277266,
    0.3197703136396716,
    0.31054102254992805,
    0.291257797586711,
    0.29364306528619377,
    0.29563977921970364,
    0.3233801679937318,
    0.2722445662612208,
    0.28035810667870603,
    0.2674716092486412,
    0.29929389515349797,
    0.2682596755478,
    0.3155122309778673,
    0.2675225862326286,
    0.2551661758813861,
    0.26173295215020664
  ],
  "tail_accuracies": [
    0.0,
    0.00558659217877095,
    0.12290502793296089,
    0.18156424581005587,
    0.22346368715083798,
    0.2541899441340782,
    0.28212290502793297,
    0.30726256983240224,
    0.3547486033519553,
    0.3687150837988827,
    0.41899441340782123,
    0.4553072625698324,
    0.46368715083798884,
    0.46089385474860334,
    0.48044692737430167,
    0.5027932960893855,
    0.5558659217877095,
    0.5586592178770949,
    0.5670391061452514,
    0.6005586592178771,
    0.5865921787709497,
    0.6089385474860335,
    0.6312849162011173,
    0.6284916201117319,
    0.6536312849162011,
    0.6201117318435754,
    0.723463687150838,
    0.6843575418994413,
    0.659217877094972,
    0.7067039106145251,
    0.6927374301675978,
    0.6871508379888268,
    0.7262569832402235,
    0.6731843575418994,
    0.6955307262569832,
    0.7067039106145251,
    0.723463687150838,
    0.7569832402234636,
    0.7402234636871509,
    0.7346368715083799,
    0.7262569832402235,
    0.7262569832402235,
    0.7653631284916201,
    0.7625698324022346,
    0.7821229050279329,
    0.7653631284916201,
    0.7402234636871509,
    0.7793296089385475,
    0.776536312849162,
    0.7793296089385475
  ],
  "hierarchical_errors": [
    0.8487921062477919,
    0.44164682266642424,
    0.3171146694201927,
    0.2749914974531944,
    0.2602245690527316,
    0.21401837662333897,
    0.20802994463852612,
    0.18434842024663955,
    0.1616196004954598,
    0.14617216945526024,
    0.1480095285558506,
    0.13290234944900714,
    0.1218101408823123,
    0.1247363064606687,
    0.09996597613859193,
    0.10724736431213656,
    0.07791765997526637,
    0.08526709881636836,
    0.08084382536095719,
    0.07689690464672161,
    0.06634909923018222,
    0.0762164010030958,
    0.05974821453801869,
    0.07376658821661645,
    0.056073495109862474,
    0.06253827910574977,
    0.05294317859863497,
    0.0564817972696732,
    0.05273902750858931,
    0.05552909215744274,
    0.04920040887811225,
    0.05273902754915048,
    0.04709084778669214,
    0.051854372916881955,
    0.045525689561499265,
    0.049948962854665734,
    0.046614495375076094,
    0.04300782630519828,
    0.041374617736937444,
    0.04110241626326265,
    0.04409663208835422,
    0.03912895589853964,
    0.04062606379587499,
    0.03756379772404823,
    0.04014971132341718,
    0.03844845241208837,
    0.041850970229675835,
    0.03667914303600808,
    0.033821028003525516,
    0.036134740154570404
  ],
  "hierarchical_ratios": [
    0.8302415787504416,
    0.9116706354667151,
    0.9365770661159615,
    0.9450017005093612,
    0.9479550861894537,
    0.9571963246753322,
    0.9583940110722948,
    0.9631303159506721,
    0.9676760799009081,
    0.9707655661089479,
    0.9703980942888298,
    0.9734195301101985,
    0.9756379718235375,
    0.9750527387078662,
    0.9800068047722816,
    0.9785505271375727,
    0.9844164680049468,
    0.9829465802367263,
    0.9838312349278086,
    0.9846206190706557,
    0.9867301801539635,
    0.9847567197993808,
    0.9880503570923963,
    0.9852466823566767,
    0.9887853009780275,
    0.98749234417885,
    0.989411364280273,
    0.9887036405460654,
    0.9894521944982821,
    0.9888941815685115,
    0.9901599182243775,
    0.9894521944901699,
    0.9905818304426616,
    0.9896291254166236,
    0.9908948620877002,
    0.9900102074290669,
    0.9906771009249847,
    0.9913984347389604,
    0.9917250764526125,
    0.9917795167473474,
    0.9911806735823292,
    0.9921742088202921,
    0.991874787240825,
    0.9924872404551903,
    0.9919700577353165,
    0.9923103095175824,
    0.9916298059540648,
    0.9926641713927984,
    0.9932357943992949,
    0.9927730519690859
  ],