{
  "id_classification": {
    "accuracy": 0.9149370534195305,
    "class_accuracy": {
      "0": 1.0,
      "1": 0.9777777777777777,
      "2": 0.7142857142857143,
      "3": 0.75,
      "4": 0.625,
      "5": 0.875,
      "6": 0.7916666666666666,
      "7": 0.9215686274509803,
      "8": 1.0,
      "9": 1.0,
      "10": 0.9398907103825137,
      "11": 0.9491525423728814,
      "12": 0.8888888888888888,
      "13": 1.0,
      "14": 0.7692307692307693,
      "15": 0.984375,
      "16": 0.7916666666666666,
      "17": 0.8787878787878788,
      "18": 0.6538461538461539,
      "19": 0.95,
      "20": 0.125,
      "21": 0.9830508474576272,
      "22": 0.9888888888888889,
      "23": 1.0,
      "24": 0.9166666666666666,
      "25": 0.36363636363636365,
      "26": 0.6666666666666666,
      "27": 0.9,
      "28": 0.7222222222222222,
      "29": 1.0,
      "30": 0.9493670886075949,
      "31": 0.25,
      "32": 0.9894736842105263,
      "33": 0.8253968253968254,
      "34": 0.953125,
      "35": 0.3333333333333333,
      "36": 1.0,
      "37": 1.0,
      "38": 0.9733333333333334,
      "39": 0.36363636363636365,
      "40": 0.8245614035087719,
      "41": 1.0,
      "42": 0.875,
      "43": 0.5714285714285714,
      "44": 0.35,
      "45": 0.9178082191780822,
      "46": 1.0,
      "47": 0.9850746268656716,
      "48": 0.8823529411764706,
      "49": 0.8974358974358975,
      "50": 1.0,
      "51": 0.9893899204244032,
      "52": 1.0,
      "53": 1.0
    },
    "class_sample_counts": {
      "0": 