{
  "id_classification": {
    "accuracy": 0.9612112963593059,
    "class_accuracy": {
      "0": 0.9887640449438202,
      "1": 0.9111111111111111,
      "2": 1.0,
      "3": 0.75,
      "4": 0.8125,
      "5": 0.875,
      "6": 0.9583333333333334,
      "7": 0.9607843137254902,
      "8": 1.0,
      "9": 1.0,
      "10": 0.9617486338797814,
      "11": 0.9636803874092009,
      "12": 1.0,
      "13": 0.9375,
      "14": 0.951048951048951,
      "15": 0.984375,
      "16": 0.8958333333333334,
      "17": 0.9696969696969697,
      "18": 1.0,
      "19": 0.9,
      "20": 1.0,
      "21": 1.0,
      "22": 1.0,
      "23": 1.0,
      "24": 0.9722222222222222,
      "25": 0.9090909090909091,
      "26": 0.9047619047619048,
      "27": 1.0,
      "28": 0.7777777777777778,
      "29": 1.0,
      "30": 0.9493670886075949,
      "31": 0.75,
      "32": 1.0,
      "33": 0.9047619047619048,
      "34": 0.96875,
      "35": 0.9333333333333333,
      "36": 1.0,
      "37": 1.0,
      "38": 1.0,
      "39": 0.36363636363636365,
      "40": 0.9122807017543859,
      "41": 0.875,
      "42": 0.875,
      "43": 0.7142857142857143,
      "44": 0.875,
      "45": 0.9726027397260274,
      "46": 0.875,
      "47": 1.0,
      "48": 0.9411764705882353,
      "49": 1.0,
      "50": 1.0,
      "51": 0.9840848806366048,
      "52": 1.0,
      "53": 1.0
    },
    "class_sample_counts": {
      "0": 