{
  "id_classification": {
    "accuracy": 0.921742089145968,
    "class_accuracy": {
      "0": 0.9943820224719101,
      "1": 0.9777777777777777,
      "2": 0.7142857142857143,
      "3": 0.75,
      "4": 0.6875,
      "5": 0.9166666666666666,
      "6": 0.8333333333333334,
      "7": 0.9019607843137255,
      "8": 1.0,
      "9": 1.0,
      "10": 0.9453551912568307,
      "11": 0.9515738498789347,
      "12": 1.0,
      "13": 1.0,
      "14": 0.8391608391608392,
      "15": 0.984375,
      "16": 0.8125,
      "17": 0.9090909090909091,
      "18": 0.5769230769230769,
      "19": 0.95,
      "20": 0.125,
      "21": 0.9491525423728814,
      "22": 1.0,
      "23": 1.0,
      "24": 0.9166666666666666,
      "25": 0.6363636363636364,
      "26": 0.7142857142857143,
      "27": 0.8,
      "28": 0.5555555555555556,
      "29": 1.0,
      "30": 0.9746835443037974,
      "31": 0.25,
      "32": 1.0,
      "33": 0.7936507936507936,
      "34": 0.953125,
      "35": 0.4666666666666667,
      "36": 1.0,
      "37": 1.0,
      "38": 0.9733333333333334,
      "39": 0.45454545454545453,
      "40": 0.8596491228070176,
      "41": 0.9375,
      "42": 0.875,
      "43": 0.7142857142857143,
      "44": 0.4,
      "45": 0.9315068493150684,
      "46": 1.0,
      "47": 1.0,
      "48": 0.8529411764705882,
      "49": 0.9487179487179487,
      "50": 1.0,
      "51": 0.9787798408488063,
      "52": 1.0,
      "53": 1.0
    },
    "class_sample_counts": {
      "0": 